trade_date,sentiment,total_trades,total_volume_usd,avg_trade_size,total_pnl,avg_pnl,pnl_std
2023-05-01,Greed,3,477.0,159.0,0.0,0.0,0.0
2023-12-05,Greed,9,50005.83,5556.203333333334,0.0,0.0,0.0
2023-12-14,Greed,11,113203.35,10291.213636363636,-205.43473700000007,-18.675885181818188,179.66353383090035
2023-12-15,Greed,2,10609.95,5304.975,-24.632033999999997,-12.316016999999999,4.474304424985184
2023-12-16,Greed,3,15348.77,5116.256666666667,0.0,0.0,0.0
2023-12-17,Greed,14,116278.02,8305.572857142857,304.982785,21.78448464285714,43.51261683426808
2023-12-18,Greed,2,31164.179999999997,15582.089999999998,0.0,0.0,0.0
2023-12-19,Greed,15,91602.41,6106.827333333334,1000.5386120000001,66.70257413333334,183.73537011741135
2023-12-20,Greed,18,141636.79,7868.710555555556,162.732282,9.040682333333333,21.3481314287044
2023-12-21,Greed,49,125233.97,2555.795306122449,537.211402,10.963498000000001,20.811624735703514
2023-12-22,Greed,10,88874.28,8887.428,141.832675,14.1832675,40.92671758278208
2023-12-23,Greed,13,78438.25,6033.711538461538,146.936704,11.302823384615383,11.478402785910806
2023-12-24,Greed,39,402954.94,10332.177948717948,1008.619956,25.862050153846155,52.267012077476366
2023-12-25,Greed,3,59948.51,19982.836666666666,-245.081348,-81.69378266666666,141.49778224115633
2023-12-27,Greed,28,171411.06,6121.823571428571,-704.8892269999999,-25.174615249999995,153.67464419092525
2023-12-28,Greed,23,100117.25,4352.923913043478,-970.730876,-42.20569026086957,55.01514381004261
2023-12-29,Greed,50,569559.72,11391.1944,508.92214299999995,10.178442859999999,78.11192586732814
2023-12-30,Greed,52,702550.21,13510.58096153846,354.998648,6.826897076923077,68.40190063585914
2024-01-01,Greed,18,264239.52999999997,14679.973888888888,-129.53146,-7.196192222222223,85.84776860469921
2024-01-02,Greed,17,121348.74,7138.1611764705885,783.979116,46.11641858823529,134.42834386429288
2024-01-03,Greed,67,394499.36,5888.050149253731,866.015507,12.925604582089552,50.415365667933756
2024-01-04,Greed,5,99792.54000000001,19958.508,-67.60364,-13.520728,29.544005214373353
2024-01-05,Greed,66,1703942.66,25817.31303030303,164.141565,2.486993409090909,60.7235758141571
2024-01-06,Greed,22,298521.4,13569.154545454547,135.58166400000002,6.16280290909091,37.338371573804935
2024-01-07,Greed,97,1048850.06,10812.887216494846,-835.681235,-8.615270463917525,34.037905927281535
2024-01-08,Greed,128,1522452.43,11894.159609375,-269.874439,-2.1083940546875,122.41963598502315
2024-01-09,Greed,70,870051.97,12429.313857142857,-826.349863,-11.804998042857143,214.1803231936485
2024-01-10,Greed,193,2057479.48,10660.515440414507,-1517.091342,-7.860576901554404,119.7894328095249
2024-01-11,Greed,21,305314.1,14538.766666666666,-164.08950099999998,-7.813785761904761,101.92627878710132
2024-01-12,Greed,7,200082.27,28583.181428571428,-1925.519024,-275.0741462857143,669.9280140108323
2024-01-15,Greed,14,50636.1,3616.8642857142854,152.85358,10.918112857142857,33.645786328134285
2024-01-16,Greed,9,116427.33,12936.37,-2299.171458,-255.4634953333333,883.8757688873994
2024-01-17,Greed,53,800831.03,15110.019433962265,813.2741110000001,15.344794547169812,75.6265391448607
2024-01-18,Greed,46,424631.52999999997,9231.120217391304,68.93319,1.4985476086956522,39.503091785872144
2024-01-19,Greed,48,428428.97,8925.603541666665,-385.419235,-8.029567395833334,51.79852685525565
2024-01-20,Greed,106,1070090.51,10095.193490566038,-146.57487000000003,-1.3827817924528305,38.554282761934644
2024-01-21,Greed,11,103129.74,9375.43090909091,266.58114600000005,24.234649636363642,65.56080670770307
2024-01-22,Greed,85,337878.99,3975.0469411764707,1375.640959,16.18401128235294,80.41613478472654
2024-01-23,Greed,45,414518.93000000005,9211.531777777778,-369.2447299999998,-8.20543844444444,613.9643726523253
2024-01-24,Greed,68,965084.59,14192.42044117647,-2808.353815,-41.29932080882353,149.8053621490879
2024-01-25,Greed,6,66566.13,11094.355000000001,-3093.6293849999997,-515.6048975,356.6379016697523
2024-01-26,Greed,5,11773.21,2354.642,90.2,18.04,40.33866631409621
2024-01-28,Greed,11,18109.03,1646.2754545454545,-2478.06972,-225.27906545454545,262.6842407250483
2024-01-29,Greed,74,414208.18,5597.407837837838,486.562542,6.5751694864864865,28.607026832226527
2024-01-30,Greed,49,401011.38,8183.905714285715,-173.65419100000003,-3.5439630816326537,55.423048103905174
2024-01-31,Greed,859,6305647.13,7340.683504074505,-799.840817,-0.93113017112922,21.84950915114784
2024-02-01,Greed,6,2008.18,334.69666666666666,0.0,0.0,0.0
2024-02-02,Greed,42,474278.43,11292.343571428572,456.423473,10.867225547619048,41.93124714430262
2024-02-03,Greed,56,603820.0,10782.5,223.30918699999998,3.9876640535714283,68.62663189543068
2024-02-04,Greed,35,203187.53,5805.358,47.62389499999999,1.360682714285714,31.922762604224417
2024-02-05,Greed,72,770198.26,10697.198055555556,-33.45419400000003,-0.4646415833333337,46.10792460482958
2024-02-06,Greed,1088,8047153.41,7396.280707720588,-215.615907,-0.19817638511029412,12.69131338108202
2024-02-07,Greed,15,6758.73,450.582,241.24212,16.082808,56.54657345272468
2024-02-08,Greed,10,26051.12,2605.112,770.756024,77.07560240000001,139.74567826297627
2024-02-11,Greed,34,212311.82,6244.465294117647,983.443176,28.924799294117648,108.62231864377547
2024-02-12,Greed,16,227247.69999999998,14202.981249999999,913.8817869999998,57.11761168749999,828.6571214700353
2024-02-13,Greed,14,1999.99,142.85642857142858,559.44389,39.960277857142856,37.98023035380744
2024-02-14,Greed,111,320839.88,2890.4493693693694,3830.599833,34.509908405405405,46.39591290180694
2024-02-15,Greed,63,185188.04,2939.4926984126987,1840.797677,29.219010746031746,316.49357810076214
2024-02-16,Greed,182,564896.51,3103.826978021978,5491.768834,30.174554032967034,123.4402416266129
2024-02-17,Greed,94,406118.07,4320.405,1929.6418,20.52810425531915,60.99818527497303
2024-02-18,Greed,97,157048.17,1619.0532989690723,477.6248299999999,4.923967319587628,82.70537448739243
2024-02-19,Greed,101,286377.2,2835.417821782178,4317.768563,42.750183792079206,118.65122386431476
2024-02-20,Greed,39,119419.72,3062.0441025641026,3263.628824,83.68279035897436,192.32028933388216
2024-02-21,Greed,22,108047.51999999999,4911.250909090909,1858.7985700000002,84.49084409090909,124.40293552909927
2024-02-22,Greed,88,373033.87,4239.02125,3894.1050699999996,44.25119397727272,227.58249822355432
2024-02-23,Greed,143,111106.14,776.966013986014,1418.55293,9.91995055944056,13.037213323027334
2024-02-25,Greed,5,4480.13,896.0260000000001,-30.7705,-6.1541,8.951179489427636
2024-02-26,Greed,39,192187.14,4927.875384615385,4416.8473,113.25249487179488,224.52232628850106
2024-02-27,Greed,63,209362.3,3323.2111111111108,888.511733,14.103360841269842,91.69654366328295
2024-02-28,Greed,45,171107.13,3802.380666666667,2503.747235,55.63882744444444,130.75309252773027
2024-02-29,Greed,116,395666.73,3410.9200862068965,9813.996992,84.60342234482759,149.76818963391887
2024-03-01,Greed,137,472974.7,3452.370072992701,8244.241409,60.176944591240876,111.95860869453276
2024-03-02,Greed,31,63197.56,2038.6309677419354,230.90060000000005,7.448406451612905,250.64780257055287
2024-03-03,Greed,79,390745.68,4946.1478481012655,8361.086245,105.83653474683545,199.82398269178753
2024-03-04,Greed,300,1577996.87,5259.989566666667,27799.775742,92.66591914,152.8211043688667
2024-03-05,Greed,180,841810.32,4676.724,19791.026041,109.95014467222222,195.65804028577477
2024-03-06,Greed,82,327218.02,3990.4636585365856,6814.825139,83.10762364634145,146.9693030530839
2024-03-08,Greed,67,183583.18,2740.047462686567,4271.886236,63.7594960597015,148.75855367571137
2024-03-09,Greed,117,658178.75,5625.459401709401,9949.501624,85.03847541880343,154.56552113291943
2024-03-10,Greed,42,219973.85,5237.472619047619,2482.9272,59.117314285714286,207.7542700001469
2024-03-11,Greed,42,176519.44999999998,4202.844047619047,3588.179495,85.43284511904761,196.10462239183906
2024-03-12,Greed,8,103040.85,12880.10625,3039.166,379.89575,521.6006618377291
2024-03-13,Greed,7,6000.799999999999,857.2571428571428,0.0,0.0,0.0
2024-03-14,Greed,18,205933.18,11440.732222222221,3465.865832,192.5481017777778,254.30826281723253
2024-03-15,Greed,62,351894.41,5675.71629032258,6236.513651,100.58892985483871,195.43403376403242
2024-03-16,Greed,8,37223.66,4652.9575,228.57984,28.57248,80.815177453268
2024-03-17,Greed,23,99506.95,4326.389130434783,503.293955,21.882345869565217,43.52556412856168
2024-03-18,Greed,19,90458.08,4760.951578947369,1456.9577,76.68198421052631,275.58147845163944
2024-03-19,Greed,24,219884.84,9161.868333333334,668.797973,27.86658220833333,103.69610917201797
2024-03-20,Greed,69,215705.85,3126.171739130435,6423.134599,93.08890723188406,320.69467412818193
2024-03-21,Greed,28,117895.57,4210.556071428572,2335.5080749999997,83.41100267857142,153.73594964500796
2024-03-24,Greed,19,92592.20999999999,4873.274210526315,1297.018477,68.26413036842105,84.64288646631248
2024-03-25,Greed,7,57116.32,8159.4742857142855,1302.916428,186.13091828571427,173.14631124356953
2024-03-26,Greed,118,198565.19,1682.7558474576272,3215.906593,27.253445703389833,39.504335702364344
2024-03-27,Greed,38,99864.79,2628.020789473684,150.41114,3.9581878947368416,13.739361367709469
2024-03-28,Greed,13,35323.72,2717.209230769231,227.85100799999998,17.527000615384615,21.04651492781009
2024-03-29,Greed,15,86914.37,5794.291333333333,883.097404,58.873160266666666,95.5086831563824
2024-03-30,Greed,45,101103.92,2246.753777777778,1100.57514,24.45722533333333,52.44350104198017
2024-03-31,Greed,13,39912.96,3070.2276923076925,912.786145,70.21431884615384,112.05139600499244
2024-04-01,Greed,77,339470.47,4408.7074025974025,2507.963406,32.57095332467532,92.06770180124278
2024-04-02,Greed,41,239664.50999999998,5845.475853658536,883.760812,21.555141756097562,78.23542802217051
2024-04-03,Greed,4,16887.57,4221.8925,126.7884,31.6971,63.3942
2024-04-04,Greed,32,95987.73,2999.6165625,0.0,0.0,0.0
2024-04-05,Greed,100,503791.8,5037.918,10706.484306,107.06484306,304.1028007265851
2024-04-06,Greed,16,68223.67,4263.979375,236.33513399999998,14.770945874999999,42.149058574016486
2024-04-07,Greed,23,49988.14,2173.397391304348,0.0,0.0,0.0
2024-04-08,Greed,30,211940.64,7064.688,1218.4267,40.614223333333335,222.45326275219327
2024-04-09,Greed,3,57063.840000000004,19021.280000000002,0.0,0.0,0.0
2024-04-10,Greed,41,351735.97,8578.926097560974,5207.443414,127.01081497560976,197.76893722954745
2024-04-11,Greed,16,76400.96,4775.06,389.743164,24.35894775,69.72639235953248
2024-04-12,Greed,129,442088.59,3427.0433333333335,-592.6458390000001,-4.594153790697676,122.96278242038903
2024-04-13,Greed,89,486411.25,5465.294943820225,6621.451755,74.3983343258427,185.05277424135176
2024-04-14,Greed,107,659162.17,6160.394112149533,-36104.012520000004,-337.4206777570094,2139.677020173523
2024-04-15,Greed,41,291111.19,7100.272926829269,3774.08872,92.05094439024391,165.5095385447801
2024-04-16,Greed,47,181907.17,3870.3653191489366,2467.702221,52.504302574468085,103.5102238356102
2024-04-17,Greed,14,97562.99,6968.785000000001,2441.4683999999997,174.39059999999998,232.6697853775852
2024-04-19,Greed,35,337257.92000000004,9635.940571428573,1946.4454620000001,55.61272748571429,114.02941773198246
2024-04-20,Greed,22,60733.24,2760.601818181818,0.0,0.0,0.0
2024-04-22,Greed,9,47993.61,5332.623333333333,0.0,0.0,0.0
2024-04-23,Greed,66,233054.9,3531.1348484848486,1119.536196,16.962669636363636,69.72604971216398
2024-04-24,Greed,20,141275.24,7063.762,279.185907,13.95929535,47.020172247729526
2024-04-25,Greed,74,120241.01,1624.8785135135136,0.0,0.0,0.0
2024-04-26,Greed,3,4988.290000000001,1662.7633333333335,0.0,0.0,0.0
2024-04-27,Greed,27,154264.47,5713.498888888889,4281.488139,158.57363477777778,205.65189595972714
2024-04-28,Greed,58,43985.6,758.3724137931034,0.0,0.0,0.0
2024-04-29,Greed,45,108699.01,2415.5335555555553,526.9338359999999,11.709640799999999,34.303515225260476
2024-04-30,Greed,24,125018.75,5209.114583333333,0.0,0.0,0.0
2024-05-01,Greed,14,87025.45,6216.103571428571,0.0,0.0,0.0
2024-05-03,Greed,36,282682.64999999997,7852.295833333333,5306.017045,147.3893623611111,280.85451321791754
2024-05-04,Greed,9,58998.75,6555.416666666667,0.0,0.0,0.0
2024-05-05,Greed,6,24068.350000000002,4011.391666666667,0.916,0.15266666666666667,0.37395543406489856
2024-05-06,Greed,9,206016.43,22890.714444444442,968.59038,107.62115333333333,237.64601629026436
2024-05-07,Greed,18,108717.58,6039.865555555556,883.537693,49.08542738888889,57.79243416391551
2024-05-08,Greed,13,65973.57,5074.89,1.56576,0.12044307692307693,1.641780493282545
2024-05-09,Greed,28,221966.12,7927.361428571428,1147.595856,40.985566285714285,92.95513364107583
2024-05-10,Greed,22,156882.0,7131.0,2101.741695,95.53371340909092,240.61922882162773
2024-05-11,Greed,9,63248.95,7027.661111111111,251.604742,27.956082444444444,38.73340875071258
2024-05-12,Greed,23,55179.56,2399.111304347826,0.0,0.0,0.0
2024-05-13,Greed,28,193118.9,6897.103571428571,2136.853859,76.31620925,243.34956677379947
2024-05-14,Greed,23,145853.4,6341.452173913043,1150.5233050000002,50.02275239130436,172.16967241498202
2024-05-15,Greed,36,234922.57,6525.626944444444,948.970582,26.360293944444447,49.856725134153635
2024-05-16,Greed,27,162620.96,6022.998518518518,214.5898,7.94777037037037,22.074222982345514
2024-05-18,Greed,25,126303.14,5052.1256,3522.3946610000003,140.89578644000002,227.39973415277277
2024-05-19,Greed,8,29998.09,3749.76125,0.0,0.0,0.0
2024-05-20,Greed,10,38124.75,3812.475,-74.818442,-7.4818442,17.723593661416892
2024-05-21,Greed,125,1100948.59,8807.588720000002,7289.397571999999,58.31518057599999,423.27708989145884
2024-05-22,Greed,6,44995.29,7499.215,0.0,0.0,0.0
2024-05-23,Greed,325,401850.6,1236.4633846153845,413.347329,1.2718379353846154,5.578175006741024
2024-05-24,Greed,2,50811.899999999994,25405.949999999997,821.949278,410.974639,255.14111984227185
2024-05-25,Greed,16,29991.129999999997,1874.4456249999998,14.126038999999999,0.8828774374999999,1.5788774135169148
2024-05-26,Greed,16,53976.67,3373.541875,778.6839,48.66774375,184.14441743928418
2024-05-27,Greed,251,151115.72,602.0546613545816,1129.35587,4.499425776892431,10.695100246439745
2024-05-29,Greed,164,84268.76,513.8339024390243,277.791953,1.6938533719512194,4.9605585779682295
2024-05-30,Greed,7,2838.09,405.4414285714286,20.951433,2.9930618571428576,3.7577088098581393
2024-05-31,Greed,13,3636.14,279.70307692307694,25.35812,1.9506246153846154,3.8342365986890954
2024-06-01,Greed,25,12834.62,513.3848,91.510419,3.66041676,7.909299454844354
2024-06-02,Greed,93,29464.51,316.822688172043,192.906947,2.074268247311828,4.425015055071825
2024-06-03,Greed,70,21466.86,306.66942857142857,562.808208,8.040117257142859,11.849209775400267
2024-06-04,Greed,53,24243.41,457.42283018867926,52.211438,0.9851214716981133,2.4828445149485265
2024-06-05,Greed,54,25350.77,469.4587037037037,56.055506,1.038064925925926,2.9096994557928553
2024-06-06,Greed,234,137557.76,587.8536752136753,274.173187,1.1716802863247862,3.3659483181601715
2024-06-07,Greed,440,1098588.76,2496.7926363636366,8902.467416,20.23288049090909,103.25220050843622
2024-06-08,Greed,29,97351.88,3356.961379310345,129.13883900000002,4.453063413793104,13.610694021064663
2024-06-09,Greed,17,22410.22,1318.2482352941176,0.0,0.0,0.0
2024-06-10,Greed,53,46587.93,879.0175471698113,31.266804999999998,0.589939716981132,1.9665257227845954
2024-06-11,Greed,123,373279.92,3034.7960975609753,4320.631811,35.12708789430894,169.7310786091785
2024-06-12,Greed,254,193407.96,761.4486614173228,-21886.531493,-86.16744682283463,276.1864377273308
2024-06-13,Greed,79,132577.22,1678.1926582278481,6632.757115,83.95895082278481,192.75704215520875
2024-06-14,Greed,31,139868.66,4511.892258064517,10258.592609,330.9223422258064,997.7044158485279
2024-06-15,Greed,78,718350.25,9209.61858974359,3369.958346,43.20459417948718,86.67556232059664
2024-06-16,Greed,11,25235.079999999998,2294.0981818181817,0.0,0.0,0.0
2024-06-17,Greed,38,368380.12,9694.213684210526,10599.502375,278.9342730263158,315.144564194019
2024-06-18,Greed,25,263314.79,10532.5916,282.57636,11.3030544,29.448076746454035
2024-06-19,Greed,61,417071.12,6837.231475409836,4887.656944,80.12552367213115,180.97142293583357
2024-06-20,Greed,39,207990.8,5333.097435897435,57478.456026,1473.8065647692308,4202.023348756396
2024-06-21,Greed,80,176264.49,2203.306125,773.5582039999999,9.66947755,54.6582097931937
2024-06-22,Greed,24,169594.27000000002,7066.427916666667,756.876565,31.536523541666668,65.30392406982597
2024-06-23,Greed,5,1792.12,358.424,0.0,0.0,0.0
2024-06-24,Greed,31,403002.8,13000.090322580645,0.0,0.0,0.0
2024-06-25,Fear,49,103099.08,2104.062857142857,4869.353105,99.3745531632653,242.73329860014363
2024-06-26,Greed,72,365190.66000000003,5072.092500000001,4197.732182,58.30183586111111,181.6926720751968
2024-06-27,Fear,30,130486.95,4349.565,0.0,0.0,0.0
2024-06-29,Fear,75,280095.11,3734.6014666666665,6150.326145,82.0043486,179.89968807670226
2024-06-30,Greed,14,30520.69,2180.049285714286,0.0,0.0,0.0
2024-07-01,Greed,64,362670.14999999997,5666.721093749999,5065.839308,79.1537391875,207.33447463371925
2024-07-02,Greed,18,33347.47,1852.6372222222224,2421.253116,134.514062,226.36405308073617
2024-07-03,Greed,18,179600.66,9977.814444444444,1118.387284,62.132626888888886,130.94390209637675
2024-07-04,Fear,25,430568.01,17222.720400000002,0.0,0.0,0.0
2024-07-05,Fear,32,272289.89,8509.0590625,0.0,0.0,0.0
2024-07-06,Fear,24,2490.17,103.75708333333334,108.87217799999999,4.53634075,10.03473956812726
2024-07-07,Fear,10,498.75,49.875,61.428942,6.1428942,4.100173833321266
2024-07-08,Fear,1,497.64,497.64,0.0,0.0,
2024-07-09,Fear,15,2736.45,182.42999999999998,648.984412,43.265627466666665,40.13596510326193
2024-07-10,Fear,56,687900.21,12283.93232142857,11977.734907,213.88812333928573,337.8156690082534
2024-07-11,Fear,19,169887.02,8941.422105263156,1876.812082,98.77958326315789,150.16378122148163
2024-07-12,Fear,19,89582.97,4714.893157894737,1412.314654,74.33235021052631,112.44287174423458
2024-07-13,Fear,17,139189.19,8187.599411764706,2913.617837,171.38928452941175,173.27801983740284
2024-07-14,Fear,7,84001.13,12000.16142857143,0.0,0.0,0.0
2024-07-15,Greed,26,198344.85,7628.6480769230775,-1.0,-0.038461538461538464,0.1400758054109933
2024-07-16,Greed,22,144000.57,6545.480454545454,0.0,0.0,0.0
2024-07-17,Greed,351,626005.53,1783.4915384615385,1859.269477,5.297064037037037,11.718171265834037
2024-07-18,Greed,60,649704.85,10828.414166666666,3803.884311,63.398071849999994,87.92602091436942
2024-07-19,Greed,23,150269.42,6533.453043478262,2155.891114,93.73439626086956,179.87386804302622
2024-07-20,Greed,266,244362.21,918.65492481203,2299.169566,8.643494609022557,53.62978209591339
2024-07-21,Greed,448,234307.46,523.0077232142856,-2960.716887,-6.608743051339286,11.365602294450625
2024-07-22,Greed,154,304213.8,1975.4142857142856,1517.119876,9.851427766233765,72.41291986688015
2024-07-23,Greed,370,358526.54,968.9906486486486,89890.302206,242.9467627189189,513.7954073277451
2024-07-24,Greed,90,69207.93,768.977,625.561479,6.9506831,19.95680710255259
2024-07-25,Greed,78,528555.31,6776.350128205129,916.7382600000001,11.753054615384617,40.81134378827734
2024-07-26,Greed,152,548587.65,3609.1292763157894,2766.513113,18.200744164473683,50.86868522207445
2024-07-27,Greed,57,905199.75,15880.697368421053,6400.623656,112.2916430877193,157.88829917379803
2024-07-28,Greed,16,43254.68,2703.4175,587.29903,36.706189375,36.25797427381541
2024-07-29,Greed,39,327199.14,8389.72153846154,330.80445399999996,8.482165487179486,21.730673754432168
2024-07-30,Greed,6,36006.47,6001.078333333334,0.0,0.0,0.0
2024-07-31,Greed,43,84506.54,1965.2683720930231,765.690884,17.806764744186047,45.986517776302854
2024-08-01,Greed,57,227774.53,3996.044385964912,167.080017,2.9312283684210527,23.197203266011744
2024-08-02,Greed,63,396320.37,6290.799523809524,782.3681909999999,12.418542714285714,44.14907581961201
2024-08-03,Fear,37,290532.86,7852.239459459459,464.1897,12.545667567567568,76.3123165975776
2024-08-04,Fear,127,1207744.07,9509.795826771655,-122672.000883,-965.9212667952756,3618.961540622186
2024-08-05,Fear,80,420495.4,5256.1925,-13013.665169,-162.6708146125,795.0273715447163
2024-08-06,Fear,107,61478.38,574.5642990654205,267.318048,2.4982995140186914,8.28376598603028
2024-08-07,Fear,33,2492.77,75.53848484848484,188.789255,5.720886515151515,10.349410204930836
2024-08-08,Fear,9,16299.35,1811.038888888889,-40.712216999999995,-4.5235796666666666,9.68187399440364
2024-08-09,Greed,144,503204.86,3494.4781944444444,18082.071276,125.56993941666666,454.8533022933731
2024-08-10,Fear,88,11339.29,128.8555681818182,0.0,0.0,0.0
2024-08-11,Fear,24,44230.21,1842.9254166666667,847.7766200000001,35.32402583333334,91.2518343902943
2024-08-12,Fear,48,54167.32,1128.4858333333334,858.6705000000001,17.88896875,64.64753431191872
2024-08-13,Fear,23,20797.87,904.2552173913043,212.08102,9.220913913043479,19.422324125365535
2024-08-14,Fear,25,66710.03,2668.4012,2168.9015130000003,86.75606052,329.1190167138969
2024-08-15,Fear,12,1522.3700000000001,126.86416666666668,0.0,0.0,0.0
2024-08-16,Fear,35,166382.84,4753.795428571429,825.230544,23.578015542857145,80.13737948448535
2024-08-17,Fear,30,30248.96,1008.2986666666667,-288.283113,-9.609437100000001,52.63305464597027
2024-08-18,Fear,15,62804.48,4186.965333333334,307.201888,20.480125866666665,30.913873872729887
2024-08-19,Fear,8,100315.03,12539.37875,339.69958299999996,42.462447874999995,67.50399160612497
2024-08-20,Fear,12,49914.8,4159.566666666667,192.602844,16.050237,55.59965191504375
2024-08-21,Fear,145,104990.41,724.0717931034483,656.200925,4.525523620689655,16.514528261674556
2024-08-23,Fear,10,63509.56,6350.956,1005.30527,100.53052699999999,280.4841642773341
2024-08-24,Greed,7,34999.67,4999.952857142857,0.0,0.0,0.0
2024-08-25,Greed,17,21950.28,1291.1929411764704,0.0,0.0,0.0
2024-08-26,Greed,6,92611.27,15435.211666666668,231.236918,38.539486333333336,60.225332502001116
2024-08-27,Greed,50,70250.16,1405.0032,0.0,0.0,0.0
2024-08-28,Fear,9,71160.06999999999,7906.674444444444,1333.359645,148.15107166666667,294.00593721532755
2024-08-29,Fear,1,9995.85,9995.85,0.0,0.0,
2024-08-30,Fear,6,37233.24,6205.54,256.464,42.744,104.70098956552417
2024-08-31,Fear,34,107507.43000000001,3161.983235294118,10.882801,0.3200823823529412,0.8923899892238314
2024-09-01,Fear,12,12359.68,1029.9733333333334,137.433093,11.452757750000002,25.479618769976113
2024-09-02,Fear,2,30000.42,15000.21,0.0,0.0,0.0
2024-09-04,Fear,34,131480.97,3867.0873529411765,1065.785132,31.346621529411763,462.16602470807555
2024-09-05,Fear,1,0.84,0.84,0.0,0.0,
2024-09-06,Fear,42,39047.1,929.6928571428571,-1104.856765,-26.306113452380952,21.910908628012873
2024-09-08,Fear,1,0.11,0.11,0.0,0.0,
2024-09-09,Fear,2,4014.4300000000003,2007.2150000000001,0.0,0.0,0.0
2024-09-10,Fear,3,2547.28,849.0933333333334,-219.729659,-73.24321966666666,96.08066367806516
2024-09-11,Fear,1,0.54,0.54,0.0,0.0,
2024-09-14,Greed,11,1014.8000000000001,92.25454545454546,0.0,0.0,0.0
2024-09-18,Greed,145,13633.5,94.02413793103449,-878.684794,-6.059895131034483,4.966129290375059
2024-09-19,Greed,19,1521.8700000000001,80.09842105263158,0.0,0.0,0.0
2024-09-20,Greed,16,332873.38,20804.58625,9585.03428,599.0646425,2004.9515901146353
2024-09-21,Greed,23,165648.12,7202.092173913044,36165.56933,1572.416057826087,1429.8114770090967
2024-09-22,Greed,3,19999.739999999998,6666.579999999999,0.0,0.0,0.0
2024-09-23,Greed,2,40334.29,20167.145,334.760796,167.380398,236.7116289270065
2024-09-24,Greed,10,7118.63,711.863,0.0,0.0,0.0
2024-09-25,Greed,9,52754.130000000005,5861.570000000001,0.0,0.0,0.0
2024-09-26,Greed,8,113711.93000000001,14213.991250000001,439.812513,54.976564125,154.20271831132595
2024-09-27,Greed,56,126097.04,2251.732857142857,0.0,0.0,0.0
2024-09-28,Greed,4,29199.21,7299.8025,0.0,0.0,0.0
2024-09-30,Greed,106,214669.85,2025.1872641509435,2710.626288,25.571946113207545,133.6657057863591
2024-10-01,Greed,4,139954.32,34988.58,0.0,0.0,0.0
2024-10-02,Fear,4,99954.34,24988.585,0.0,0.0,0.0
2024-10-03,Fear,9,132935.69,14770.632222222222,100.375782,11.152864666666666,20.273575382952355
2024-10-04,Fear,1,0.34,0.34,0.0,0.0,
2024-10-05,Greed,37,605605.74,16367.722702702702,5767.161892,155.86924032432432,217.0879728346648
2024-10-06,Greed,22,300130.56,13642.298181818182,130.487079,5.9312308636363635,17.741123762831634
2024-10-07,Greed,21,219984.65,10475.459523809524,0.0,0.0,0.0
2024-10-08,Greed,36,434584.13,12071.781388888889,5396.546638,149.90407327777777,223.40754741053024
2024-10-09,Greed,14,220399.93,15742.852142857142,396.06272,28.290194285714286,61.54299038481661
2024-10-10,Fear,16,300024.33999999997,18751.521249999998,0.0,0.0,0.0
2024-10-11,Fear,26,488904.19,18804.007307692307,8885.327477,341.74336450000004,367.9830904604618
2024-10-12,Greed,10,159713.4,15971.34,541.55471,54.155471,63.374247509280295
2024-10-13,Greed,10,60002.42,6000.242,0.0,0.0,0.0
2024-10-14,Greed,5,61916.020000000004,12383.204000000002,1913.61958,382.72391600000003,497.27205914834235
2024-10-15,Greed,7,81173.36,11596.194285714286,1170.2260760000001,167.17515371428573,347.7876385038441
2024-10-16,Greed,11,80229.17,7293.560909090909,219.480876,19.95280690909091,35.58157491300189
2024-10-17,Greed,9,140531.75,15614.638888888889,36.11496,4.0127733333333335,12.830443659406326
2024-10-18,Greed,6,120331.43000000001,20055.238333333335,333.219141,55.536523499999994,51.489580908627175
2024-10-19,Greed,4,99996.86,24999.215,0.0,0.0,0.0
2024-10-20,Greed,96,176447.86000000002,1837.9985416666668,389.155797,4.05370621875,13.65197281145091
2024-10-21,Greed,173,324117.99,1873.5143930635838,2464.915564,14.248066843930635,40.07987913321128
2024-10-22,Greed,3,60000.36,20000.12,0.0,0.0,0.0
2024-10-23,Greed,18,210006.07,11667.003888888888,-46.489941,-2.5827745,6.37713910085234
2024-10-25,Greed,30,427883.18,14262.772666666666,13235.862071,441.19540236666666,1366.4039341402422
2024-10-27,Greed,4,90664.41,22666.1025,666.6623079999999,166.66557699999998,293.9572048762827
2024-10-28,Greed,13,121495.25,9345.788461538461,167.28016200000002,12.867704769230771,44.454488070634156
2024-10-29,Greed,53,613267.8099999999,11571.09075471698,801.170876,15.11643162264151,99.68468397007351
2024-10-30,Greed,25,11830.85,473.23400000000004,9.150023,0.36600091999999995,1.0256853979943898
2024-10-31,Greed,48,896173.36,18670.278333333332,1214.043811,25.292579395833332,33.00414935089389
2024-11-01,Greed,23,260981.03,11347.001304347827,1040.475736,45.238075478260875,154.1983753462747
2024-11-02,Greed,2,40000.0,20000.0,0.0,0.0,0.0
2024-11-03,Greed,6,129055.66,21509.27666666667,0.0,0.0,0.0
2024-11-04,Greed,36,451811.97,12550.332499999999,2799.410474,77.76140205555555,118.94285081013497
2024-11-05,Greed,10,200627.23,20062.723,678.4759280000001,67.8475928,93.32108146532121
2024-11-06,Greed,15,123906.9,8260.46,2817.83723,187.85581533333334,309.14971367702964
2024-11-07,Greed,113,111335.3,985.2681415929204,4493.353136,39.764187044247784,107.40420684370638
2024-11-08,Greed,39,270700.44,6941.036923076923,-64.41354100000007,-1.6516292564102582,72.4018294193872
2024-11-09,Greed,86,193384.41,2248.655930232558,102.90894,1.196615581395349,2.90992297730476
2024-11-10,Greed,173,413636.7,2390.963583815029,991.114334,5.728984589595376,22.471438317729593
2024-11-11,Greed,373,1570572.42,4210.649919571046,6749.630996,18.09552545844504,60.90235280005483
2024-11-12,Greed,171,1226354.52,7171.663859649123,3494.399394,20.435084175438597,80.90406191682668
2024-11-13,Greed,48,515336.37,10736.174375,7846.402274,163.46671404166668,358.50791769432567
2024-11-14,Greed,110,1008361.81,9166.925545454545,4563.509225,41.4864475,89.20897697893908
2024-11-15,Greed,149,1427858.42,9582.942416107382,4140.740438,27.790204281879195,61.955774894975356
2024-11-16,Greed,157,303296.07,1931.822101910828,2769.521909,17.640266936305732,44.303347474612096
2024-11-17,Greed,209,1215987.57,5818.122344497608,882.975285,4.224762129186603,17.261524113421817
2024-11-18,Greed,346,2084339.58,6024.102832369942,4470.815187,12.921431176300578,87.8216130663201
2024-11-19,Greed,305,628031.15,2059.118524590164,2958.268991,9.699242593442623,37.73186830724049
2024-11-20,Greed,550,1999514.1199999999,3635.480218181818,4210.0928969999995,7.654714358181818,54.544471794452775
2024-11-21,Greed,535,598300.62,1118.3189158878504,1692.430891,3.1634222261682243,23.071714613651217
2024-11-22,Greed,679,1646713.62,2425.2041531664213,-18105.345617,-26.664721085419732,305.88652723565343
2024-11-23,Greed,363,516245.68,1422.1644077134986,2901.531638,7.993200104683195,25.92430088738888
2024-11-24,Greed,172,664952.28,3866.001627906977,945.550386,5.497385965116279,24.231829677959688
2024-11-25,Greed,255,937410.87,3676.1210588235294,5523.740734,21.66172836862745,136.53631849159856
2024-11-26,Greed,302,1146902.44,3797.6901986754965,1094.809359,3.6251965529801327,55.535465040558826
2024-11-27,Greed,213,1444242.53,6780.481361502348,-2654.495633,-12.462420812206572,56.196623877144376
2024-11-28,Greed,332,1894225.15,5705.497439759036,-127075.39958499999,-382.75722766566264,1422.4245637679367
2024-11-29,Greed,393,794262.91,2021.0252162849874,176844.994152,449.98726247328244,2425.1393783219637
2024-11-30,Greed,373,1732193.7,4643.950938337802,37316.69352,100.04475474530831,327.5103351176057
2024-12-01,Greed,416,814711.82,1958.441875,40886.364494,98.28453003365385,338.03944268346726
2024-12-02,Greed,270,585243.56,2167.568740740741,18489.604313,68.48001597407408,379.90364074572494
2024-12-03,Greed,374,1084666.53,2900.177887700535,23576.539285,63.03887509358289,229.00768096588675
2024-12-04,Greed,319,769287.65,2411.5600313479626,292891.815021,918.1561599404388,4090.2838520231076
2024-12-05,Greed,456,1256750.79,2756.0324342105264,71574.11848800001,156.96078615789474,1402.284112762816
2024-12-06,Greed,403,3471019.22,8612.950918114144,-92624.643895,-229.83782604218362,6326.353243835444
2024-12-07,Greed,304,451733.42,1485.965197368421,85906.279067,282.5864442993421,2478.915786497859
2024-12-08,Greed,420,932939.72,2221.2850476190474,15965.933436,38.014127228571425,232.61343396421137
2024-12-09,Greed,539,983949.68,1825.5096103896105,6310.967676,11.708659881261596,100.89854795146519
2024-12-10,Greed,1596,3150424.08,1973.94992481203,39325.770231,24.640206911654136,141.48990698368283
2024-12-11,Greed,1221,2194098.33,1796.9683292383293,319051.554217,261.30348420720725,2003.1396625321522
2024-12-12,Greed,1932,4557189.87,2358.7939285714288,599151.795008,310.1199767122153,1920.807926510415
2024-12-13,Greed,1173,2880824.64,2455.9459846547315,31935.901745,27.22583268968457,194.07940958725385
2024-12-14,Greed,1235,2369561.78,1918.6735060728743,167801.399244,135.87157833522267,647.5595884815575
2024-12-15,Greed,1697,2583269.81,1522.256812021214,97525.315279,57.4692488385386,400.0229746982094
2024-12-16,Greed,1055,2740808.97,2597.9231943127966,166774.344133,158.07994704549765,863.2966321796321
2024-12-17,Greed,1941,5233597.63,2696.3408706852138,219591.305172,113.13307839876352,546.8152085057872
2024-12-18,Greed,1429,3798887.07,2658.423421973408,13682.994673,9.575223703988803,90.0826143121339
2024-12-19,Greed,3339,8241709.39,2468.316678646301,62744.004486000005,18.79125621024259,219.82362949794262
2024-12-20,Greed,2488,7681274.71,3087.3290635048234,254969.660039,102.47976689670418,462.26198976634464
2024-12-21,Greed,1681,4382875.12,2607.302272456871,150022.163157,89.24578415050566,263.0365857341915
2024-12-22,Greed,774,3087320.22,3988.7858139534887,352197.163973,455.03509557235145,1859.8434888414529
2024-12-23,Greed,2347,6771878.26,2885.333728163613,-29430.626577,-12.53967898466127,714.3762237450253
2024-12-24,Greed,338,1767036.11,5227.917485207101,14813.780116,43.827751822485205,352.00417886710017
2024-12-25,Greed,208,347889.35,1672.5449519230767,756.6570469999998,3.637774264423076,89.4369605189536
2024-12-26,Greed,697,2205242.65,3163.9062410329984,60228.639722,86.41124780774749,837.1572532043537
2024-12-27,Greed,260,347913.0,1338.126923076923,2672.811035,10.280042442307693,55.81376867703737
2024-12-28,Greed,161,281555.01,1748.7888819875777,940.673623,5.842693310559007,29.85731881145236
2024-12-29,Greed,201,344628.54,1714.5698507462685,2884.067927,14.348596651741294,84.84325152956883
2024-12-30,Greed,304,1073865.73,3532.453059210526,9009.738137,29.637296503289473,198.72959921857932
2024-12-31,Greed,306,877164.62,2866.551045751634,5445.01281,17.794159509803922,108.99687767512427
2025-01-01,Greed,96,282582.1,2943.5635416666664,-9528.065345,-99.25068067708334,989.3224125030252
2025-01-02,Greed,361,774674.84,2145.9136842105263,8716.519087,24.145482235457067,117.65384746788118
2025-01-03,Greed,508,771208.99,1518.1279330708662,6028.486793,11.867099986220472,63.36348991609002
2025-01-04,Greed,371,1826029.6199999999,4921.912722371967,2553.537968,6.882851665768194,75.44665860042967
2025-01-05,Greed,239,451943.57,1890.977280334728,3187.719363,13.337737920502093,59.881873800685874
2025-01-06,Greed,573,556526.99,971.2512914485166,6064.185393,10.583220581151831,104.19079085435088
2025-01-07,Greed,637,1313178.1,2061.504081632653,16098.227531,25.271942748822607,79.2581805510636
2025-01-08,Greed,1039,3177275.18,3058.0126852743024,130117.090554,125.23300342059672,2408.3681940977062
2025-01-09,Greed,522,1020733.25,1955.427681992337,46975.928902,89.99220096168582,658.1149316624325
2025-01-10,Greed,819,6547449.68,7994.444053724053,-10116.875552,-12.352717401709402,816.5240640739952
2025-01-11,Greed,283,1658098.71,5859.006042402827,2269.080536,8.017952424028268,43.43091035574405
2025-01-12,Greed,602,2258459.17,3751.59330564784,5742.241803,9.538607646179402,150.46366054945935
2025-01-13,Greed,408,2936648.0100000002,7197.666691176471,9655.429352,23.66526801960784,77.40018335810606
2025-01-14,Greed,275,876581.97,3187.5708,16069.512355,58.43459038181818,146.32035377772365
2025-01-15,Greed,267,1801599.8900000001,6747.565131086143,14819.5883,55.50407602996255,189.6085235008543
2025-01-16,Greed,371,3049692.96,8220.196657681941,20807.709328,56.08546988679245,566.3419882789403
2025-01-17,Greed,238,1110230.46,4664.8338655462185,7006.415608,29.43872104201681,198.25145103146025
2025-01-18,Greed,651,2711629.88,4165.330076804916,443.2330819999997,0.6808495883256523,330.24136524302247
2025-01-19,Greed,1567,9715215.3,6199.8821314613915,87923.799302,56.10963580216975,604.713913705048
2025-01-20,Greed,1315,8287327.01,6302.149817490495,87277.239173,66.37052408593155,569.11572956866
2025-01-21,Greed,530,1523729.82,2874.961924528302,11077.839421,20.901583813207548,111.25104651632293
2025-01-22,Greed,832,1778406.43,2137.5077283653845,20524.408057,24.66875968389423,156.5100803482523
2025-01-23,Greed,1218,3697028.66,3035.3273070607556,101256.24216,83.13320374384236,341.1383231952165
2025-01-24,Greed,874,1611433.45,1843.7453661327231,10602.779738,12.131326931350113,80.89983729393776
2025-01-25,Greed,506,1239377.7,2449.363043478261,-10348.016255999999,-20.450625011857706,490.2783467561706
2025-01-26,Greed,451,1201173.66,2663.3562305986693,40823.466668,90.51766445232816,461.7192943559634
2025-01-27,Greed,773,1508028.31,1950.8775032341528,41331.765392,53.469295461837,353.4714697323709
2025-01-28,Greed,498,579412.17,1163.4782530120483,17979.613973,36.103642516064255,81.72678441252614
2025-01-29,Greed,910,1897513.41,2085.1795714285713,23421.01147,25.737375241758244,91.52029500857424
2025-01-30,Greed,1067,3014397.17,2825.114498594189,23097.471385,21.64711470009372,113.20284838153209
2025-01-31,Greed,1016,2783411.48,2739.578228346457,35868.296773,35.303441705708664,134.44285309446968
2025-02-01,Greed,634,1363746.44,2151.019621451104,32300.205017,50.946695610410096,446.4149984530011
2025-02-02,Greed,1319,5661092.29,4291.957763457164,162854.759623,123.46835452843062,1386.063749537317
2025-02-03,Fear,2380,22592901.37,9492.815701680673,348871.326269,146.58459086932774,1292.2669438694834
2025-02-04,Greed,2512,15678409.27,6241.404964171974,416876.88812,165.9541752070064,2184.1682347008123
2025-02-05,Greed,1297,8743231.51,6741.1191287586735,56706.235562,43.721075992289904,444.31734690264386
2025-02-06,Greed,1703,2818508.87,1655.0257604227834,33803.799733,19.84955944392249,609.1348918969087
2025-02-07,Fear,1524,3460263.54,2270.5141338582675,22450.002091,14.730972500656167,94.68612173896997
2025-02-08,Fear,575,839734.97,1460.4086434782607,586.703253,1.0203534834782608,11.464135616658202
2025-02-09,Greed,764,2920919.7,3823.19332460733,150551.829492,197.05736844502616,2082.4614891202827
2025-02-10,Fear,889,3624958.44,4077.5685489313837,63908.49465,71.88807047244094,921.8916254848083
2025-02-11,Greed,848,2797544.17,3298.990766509434,-6093.784817,-7.186067001179245,127.34220698976809
2025-02-12,Greed,1031,4143974.54,4019.3739476236665,19848.635032,19.251828353055284,351.50279374147897
2025-02-13,Greed,1370,3199852.21,2335.6585474452554,27829.534238,20.313528640875912,115.2749060467816
2025-02-14,Greed,1655,4007103.42,2421.210525679758,213860.675308,129.22095184773414,532.3132229110405
2025-02-15,Greed,932,1712852.95,1837.8250536480687,45042.92701,48.32932082618026,338.46361083281846
2025-02-16,Greed,681,806177.64,1183.8144493392072,2369.478425,3.4794103157121876,12.19814466020818
2025-02-17,Greed,941,2031044.64,2158.3896280552603,1818.573295,1.9325964877789585,33.8310065066735
2025-02-18,Greed,1676,3371128.68,2011.413293556086,91204.672403,54.418062292959426,402.7229620509518
2025-02-19,Fear,1361,3263930.24,2398.185334313005,14985.794701,11.010870463629685,61.23254296974973
2025-02-20,Greed,2012,4628609.29,2300.5016351888667,46008.794102,22.867193887673956,157.96383053076914
2025-02-21,Greed,1873,3972159.88,2120.747399893219,119693.49395,63.904695114789114,366.09286225427314
2025-02-22,Greed,686,3175570.2,4629.111078717201,25278.704178,36.849423,176.9982164477057
2025-02-23,Greed,520,1141310.74,2194.8283461538463,10656.934251,20.494104328846156,123.32426355829121
2025-02-24,Greed,5616,11223619.59,1998.5077617521367,38470.176242,6.850102607193732,55.56892309267754
2025-02-25,Fear,6246,19414984.36,3108.3868651937237,204762.177034,32.782929400256165,673.7439962496502
2025-02-26,Fear,1176,4946958.13,4206.597049319727,63229.063129,53.76621014370748,406.24323217797456
2025-02-27,Fear,890,1999898.43,2247.0768876404495,-36525.167517,-41.039514064044944,517.9053830350915
2025-02-28,Fear,1019,4123660.77,4046.7721000981355,225628.108748,221.4211077016683,3851.3712028844916
2025-03-01,Fear,174,263824.13,1516.230632183908,10596.108968,60.897177977011495,134.45844944800064
2025-03-02,Fear,532,6460848.74,12144.452518796992,66914.320708,125.77879832330827,523.6453822891723
2025-03-03,Fear,1482,8244590.38,5563.151403508772,616413.032233,415.9332201302294,1682.4075657180047
2025-03-04,Fear,2402,11124247.15,4631.24360949209,182075.566585,75.80165136761032,940.9538347121356
2025-03-05,Fear,1660,9193654.22,5538.345915662651,269328.365917,162.24600356445782,1724.8671279418056
2025-03-06,Fear,760,6765324.96,8901.743368421052,16101.125561,21.18569152763158,163.11101162302057
2025-03-07,Fear,2552,19854275.48,7779.888510971787,150236.061627,58.86993010462382,278.36230520474373
2025-03-08,Fear,529,892083.51,1686.3582419659735,24700.773359,46.69333338185255,218.21981324664878
2025-03-09,Fear,1422,10419697.99,7327.495070323488,19773.457395,13.905384947257385,83.14231057374892
2025-03-10,Fear,2911,16811790.68,5775.263029886637,-10010.027269999999,-3.438690233596702,598.2310344559482
2025-03-11,Fear,3286,14016952.09,4265.657970176507,-76880.729036,-23.3964482763238,284.15739785646804
2025-03-12,Fear,3968,18618139.15,4692.071358366935,288105.984215,72.60735489289314,541.1021890156194
2025-03-13,Greed,962,3285591.22,3415.375488565489,14114.870873,14.672422944906446,114.25301264822082
2025-03-14,Fear,2210,8047187.16,3641.261158371041,68646.160089,31.061610899999998,241.26619975032932
2025-03-15,Greed,261,2355749.54,9025.86030651341,78694.624572,301.51197154022987,1437.1563922090597
2025-03-16,Fear,530,10187921.51,19222.49341509434,-7910.943544999999,-14.926308575471696,799.610022581558
2025-03-17,Fear,920,3592895.05,3905.320706521739,26163.906513,28.439028818478263,130.36244691738273
2025-03-18,Fear,834,4050655.47,4856.901043165468,72322.788824,86.71797221103118,1190.357985851897
2025-03-19,Fear,1612,4598813.57,2852.8620161290323,29374.682341,18.222507655707197,118.43599190620486
2025-03-20,Greed,771,1652257.93,2143.0063942931256,10246.859436,13.290349463035021,67.20472187875403
2025-03-21,Fear,698,2543903.39,3644.560730659026,6951.270374,9.958840077363897,54.71326809694039
2025-03-22,Fear,535,971809.42,1816.4662056074767,12498.535254,23.361748138317758,90.3328712770384
2025-03-23,Fear,447,2593519.67,5802.057427293064,14047.421585,31.425999071588368,157.7488368670644
2025-03-24,Greed,1027,3017587.05,2938.254186952288,107878.961301,105.04280555111977,1157.024782283737
2025-03-25,Greed,791,5372519.77,6792.060391908975,32030.90678,40.49419314791403,272.71532758680485
2025-03-26,Greed,3102,7597754.37,2449.30830754352,15802.167427,5.094186791424887,91.09493587755279
2025-03-27,Fear,785,3240279.46,4127.744535031847,58825.359221,74.9367633388535,315.07403347375833
2025-03-28,Fear,728,1483092.61,2037.2151236263737,21337.179335,29.30931227335165,149.5584882417023
2025-03-29,Fear,1894,3668151.83,1936.7221911298839,12098.872931,6.38800049155227,148.35227843946458
2025-03-30,Fear,568,2850874.96,5019.146056338028,15795.11514,27.8083013028169,221.1953359721309
2025-03-31,Fear,495,2164772.4699999997,4373.277717171717,6978.184557,14.097342539393939,323.1311708660487
2025-04-01,Fear,192,704445.1900000001,3668.9853645833336,-2202.6622420000003,-11.472199177083334,297.0927135926486
2025-04-02,Fear,1076,3867930.6,3594.7310408921935,202212.740938,187.930056633829,783.0878201791388
2025-04-03,Fear,1748,8670233.15,4960.087614416476,-2365.961276,-1.353524757437071,81.23364439225159
2025-04-04,Fear,1272,3835545.73,3015.3661399371067,-25515.678949999998,-20.05949602987421,581.2639206142574
2025-04-05,Fear,360,1267564.22,3521.011722222222,35907.33771,99.74260475,333.05923440903956
2025-04-06,Fear,1048,3551252.06,3388.59929389313,47053.449272,44.89832945801527,464.3283247115555
2025-04-07,Fear,2814,14460253.14,5138.682707889126,34527.370305,12.269854408315563,651.4553059500641
2025-04-08,Fear,943,8869391.4,9405.505196182397,34899.394798,37.00890222481442,299.82321782812363
2025-04-09,Fear,3967,28556806.47,7198.589984875221,43120.444797,10.86978694151752,768.8032668175019
2025-04-10,Fear,2127,28741953.29,13512.90704748472,158261.822261,74.40612236060178,528.5261250033769
2025-04-11,Fear,1096,11319327.07,10327.853166058394,126406.479081,115.33437872354014,1053.703425023061
2025-04-12,Fear,2109,55914617.49,26512.383826458037,410419.694533,194.60393292223802,3804.4483148577447
2025-04-13,Greed,1321,14171154.79,10727.596358819075,48696.021521,36.86299888039364,312.0512492817143
2025-04-14,Fear,890,13079972.98,14696.598853932584,45680.443063,51.32634052022472,371.3131179694784
2025-04-15,Fear,1131,20752168.24,18348.51303271441,72357.706282,63.976751796640144,509.9926590211078
2025-04-16,Fear,1608,36502715.9,22700.69396766169,58631.730257,36.46251881654229,398.1610312928065
2025-04-17,Fear,1031,2604551.51,2526.238128031038,5427.919886,5.264713759456837,35.53346284252171
2025-04-18,Fear,1894,24610650.46,12994.007634635693,4880.4047439999995,2.576771248152059,859.4371749589807
2025-04-19,Fear,2786,32706462.71,11739.577426417804,71950.577495,25.82576363783202,250.8012104737391
2025-04-20,Fear,1982,12126094.05,6118.110015136226,25060.341936,12.643966668012109,302.1540722308167
2025-04-21,Fear,1718,42104054.84,24507.598859138536,34369.267906999994,20.005394590803256,542.9010428308851
2025-04-22,Greed,2998,33753625.24,11258.714222815212,58652.763578,19.563963835223483,373.4606094578802
2025-04-23,Greed,6159,30682443.79,4981.72492125345,-419020.225731,-68.03380836678032,1461.7777309431785
2025-04-24,Greed,2232,35088918.64,15720.841684587815,50704.395965,22.717023281810036,155.5360185297309
2025-04-25,Greed,1653,27749455.78,16787.32957047792,20218.859206,12.231614764670297,77.93985191492679
2025-04-26,Greed,1131,11948127.77,10564.215534924844,-4125.753942,-3.6478814694960215,52.04454647609949
2025-04-27,Greed,337,487537.69,1446.6993768545994,2702.067468,8.018004356083086,45.32483984864426
2025-04-28,Greed,1379,26124921.49,18944.83066715011,36906.813759,26.763461754169686,381.983103446108
2025-04-29,Greed,2243,34089511.66,15198.177289344627,125749.613427,56.06313572313866,420.73601102444695
2025-04-30,Greed,1113,12693878.85,11405.10229110512,14003.797269,12.582028094339623,64.65423825477585
2025-05-01,Greed,1230,10720240.52,8715.642699186992,54536.829297000004,44.338885607317074,972.822640253054
